<?xml version="1.0" encoding="UTF-8" standalone="yes"?>
<addon id="service.watchedsync" name="Watched Status Sync" version="0.3.15" provider-name="watchedsyncforkodi">
    <requires>
        <!-- Minimum is Kodi 19 -->
        <import addon="xbmc.python" version="3.0.0"/>
        <import addon="script.module.requests"/>
        <import addon="script.module.pytz"/>
    </requires>
    <extension point="xbmc.service" library="service.py"/>
    <extension point="xbmc.addon.metadata">
        <summary lang="en_GB">Real-time resume and watched status video library synchronisation between multiple kodi devices</summary>
        <!-- #TODO Populate description -->
        <description lang="en_GB">Real-time resume and watched status library synchronisation between multiple kodi devices</description>
        <language></language>
        <platform>all</platform>
        <!-- #TODO Populate below -->
        <license>proprietary</license>
        <forum></forum>
        <website></website>
        <email></email>
        <source></source>
        <news>Changelog: Fix for add-on not loading due to urllib3 compatibility error
        </news>
        <!-- #TODO Populate assets below -->
        <assets>
            <icon></icon>
            <fanart></fanart>
            <screenshot></screenshot>
            <screenshot></screenshot>
        </assets>
    </extension>
</addon>