<?xml version="1.0" encoding="UTF-8" standalone="yes"?>
<addon id="repository.watchedsync.addon"
		name="Watched Status Sync Add-on (Kodi v18.X) Repository"
		version="2.0.1"
		provider-name="watchedsyncforkodi">
  <requires>
    <import addon="xbmc.addon" version="12.0.0"/>
  </requires>
	<extension point="xbmc.addon.repository">
		<!-- Do not forget to bump add-on version when changing paths to force a repo refresh -->
		<info>https://raw.githubusercontent.com/watchedsyncforkodi/repository.watchedsync.addon/kodi-v18/addons.xml.gz</info>
		<checksum verify="md5">https://raw.githubusercontent.com/watchedsyncforkodi/repository.watchedsync.addon/kodi-v18/addons.xml.gz.md5</checksum>
		<datadir>https://raw.githubusercontent.com/watchedsyncforkodi/repository.watchedsync.addon/kodi-v18</datadir>
	</extension>
	<extension point="xbmc.addon.metadata">
		<summary lang="en_GB">Install Add-ons for Watched Status Sync</summary>
 	    <description lang="en_GB">Download and install add-ons from the repository for Watched Status Sync</description>
		<platform>all</platform>
	</extension>
</addon>
